{"Block Number": [1, 1, 1, 1, 1, 1, 1, 1, 1, 1, 1, 1, 1, 1, 1, 1, 1, 1, 1, 1, 2, 2, 2, 2, 2, 2, 2, 2, 2, 2, 2, 2, 2, 2, 2, 2, 2, 2, 2, 2, 3, 3, 3, 3, 3, 3, 3, 3, 3, 3, 3, 3, 3, 3, 3, 3, 3, 3, 3, 3], "Trial Number": [1, 2, 3, 4, 5, 6, 7, 8, 9, 10, 11, 12, 13, 14, 15, 16, 17, 18, 19, 20, 1, 2, 3, 4, 5, 6, 7, 8, 9, 10, 11, 12, 13, 14, 15, 16, 17, 18, 19, 20, 1, 2, 3, 4, 5, 6, 7, 8, 9, 10, 11, 12, 13, 14, 15, 16, 17, 18, 19, 20], "Response": [0, 1, 0, 1, 1, 0, 1, 1, 1, 1, 1, 1, 1, 1, 0, 1, 1, 0, 0, 0, 1, 1, 0, 0, 1, 1, 1, 0, 1, 1, 1, 1, 0, 1, 1, 1, 1, 1, 0, 0, 0, 1, 0, 1, 1, 1, 1, 1, 0, 1, 0, 1, 1, 0, 1, 1, 0, 1, 1, 1], "Correct Response": [1, 1, 0, 0, 1, 0, 1, 0, 1, 1, 0, 1, 1, 1, 0, 1, 1, 0, 0, 0, 1, 1, 0, 0, 1, 1, 1, 0, 0, 1, 1, 1, 0, 1, 1, 1, 1, 1, 0, 1, 0, 1, 0, 1, 1, 1, 1, 1, 0, 1, 0, 1, 0, 0, 1, 1, 0, 1, 1, 1], "Color Code": [3, 3, 1, 0, 2, 0, 2, 1, 3, 3, 0, 3, 3, 3, 0, 3, 3, 0, 0, 1, 3, 2, 0, 1, 3, 3, 3, 1, 0, 3, 3, 3, 0, 3, 3, 3, 3, 2, 1, 2, 0, 2, 0, 3, 3, 3, 3, 2, 0, 3, 0, 2, 0, 0, 3, 3, 0, 3, 3, 3], "Color": ["yellow", "yellow", "red", "green", "blue", "green", "blue", "red", "yellow", "yellow", "green", "yellow", "yellow", "yellow", "green", "yellow", "yellow", "green", "green", "red", "yellow", "blue", "green", "red", "yellow", "yellow", "yellow", "red", "green", "yellow", "yellow", "yellow", "green", "yellow", "yellow", "yellow", "yellow", "blue", "red", "blue", "green", "blue", "green", "yellow", "yellow", "yellow", "yellow", "blue", "green", "yellow", "green", "blue", "green", "green", "yellow", "yellow", "green", "yellow", "yellow", "yellow"], "Accuracy": [0, 1, 1, 0, 1, 1, 1, 0, 1, 1, 0, 1, 1, 1, 1, 1, 1, 1, 1, 1, 1, 1, 1, 1, 1, 1, 1, 1, 0, 1, 1, 1, 1, 1, 1, 1, 1, 1, 1, 0, 1, 1, 1, 1, 1, 1, 1, 1, 1, 1, 1, 1, 0, 1, 1, 1, 1, 1, 1, 1], "Response Time": [0, 0.15948470000876114, 0, 0.46641100000124425, 0.6662136999948416, 0, 0.4569352999969851, 0.7331135999993421, 0.4568747000012081, 0.4088698999839835, 0.7906438000209164, 0.46606880001490936, 0.48428150001564063, 0.426135300018359, 0, 0.4662153999961447, 0.45754000000306405, 0, 0, 0, 0.6682828000048175, 0.6651001000136603, 0, 0, 0.4164129000273533, 0.40008449999731965, 0.3904810000094585, 0, 0.5233085000072606, 0.46597260000999086, 0.48375869999290444, 0.40876429999480024, 0, 0.40032429998973384, 0.41615099998307414, 0.35942479997174814, 0.39003489998867735, 0.5326482999953441, 0, 0, 0, 0.46580370000447147, 0, 0.3604854999866802, 0.5233528999960981, 0.36079829998197965, 0.39007439999841154, 0.5995788000000175, 0, 0.4260198000119999, 0, 0.49244989998987876, 0.5234486999979708, 0, 0.4565598999906797, 0.6659905000124127, 0, 0.3995264999975916, 0.4165043999964837, 0.3999125999980606]}